{"confusion_matrix": [[56826, 38], [0, 98]], "classification_report": {"0": {"precision": 1.0, "recall": 0.9993317388857625, "f1-score": 0.9996657577623361, "support": 56864.0}, "1": {"precision": 0.7205882352941176, "recall": 1.0, "f1-score": 0.8376068376068376, "support": 98.0}, "accuracy": 0.9993328885923949, "macro avg": {"precision": 0.8602941176470589, "recall": 0.9996658694428813, "f1-score": 0.9186362976845869, "support": 56962.0}, "weighted avg": {"precision": 0.9995192873680493, "recall": 0.9993328885923949, "f1-score": 0.9993869442695648, "support": 56962.0}}, "roc_curve": {"fpr": [0.0, 0.0, 3.517163759144626e-05, 7.034327518289252e-05, 7.034327518289252e-05, 8.792909397861564e-05, 8.792909397861564e-05, 8.792909397861564e-05, 0.00014068655036578504, 0.00017585818795723128, 0.00022861564434440066, 0.00026378728193584693, 0.0002813731007315701, 0.0002813731007315701, 0.00033413055711873946, 0.00040447383230163194, 0.0004220596510973551, 0.0004572312886888013, 0.0005099887450759707, 0.000545160382667417, 0.0005627462014631402, 0.0005979178390545863, 0.0006155036578503095, 0.0007210185706246483, 0.0007737760270118177, 0.0008441193021947102, 0.0008617051209904333, 0.0009672200337647721, 0.0010727349465391109, 0.0011254924029262803, 0.0011782498593134495, 0.0012485931344963421, 0.0013013505908835116, 0.0014420371412492965, 0.001494794597636466, 0.0015299662352279122, 0.0016178953292065278, 0.0017234102419808666, 0.002039954980303883, 0.0022685706246482838, 0.0024268429938097916, 0.0028313168261114236, 0.0031654473832301634, 0.003534749577940349, 0.0038512943162633652, 0.004414040517726505, 0.005011958356781092, 0.005680219471018571, 0.006418823860438942, 0.007280528981429375, 0.008441193021947102, 0.009795301069217784, 0.010991136747326956, 0.012890405177265054, 0.015053460889138998, 0.018130979178390547, 0.021771243669105232, 0.026044597636465956, 0.031513787281935844, 0.0390053460889139, 0.04885340461451885, 0.06260551491277434, 0.08372608328643781, 0.11766671356218346, 0.1812042768711311, 0.33244231851435, 1.0], "tpr": [0.0, 0.7857142857142857, 0.8571428571428571, 0.9183673469387755, 0.9387755102040817, 0.9387755102040817, 0.9591836734693877, 0.9897959183673469, 0.9897959183673469, 0.9897959183673469, 0.9897959183673469, 0.9897959183673469, 0.9897959183673469, 1.0, 1.0, 1.0, 1.0, 1.0, 1.0, 1.0, 1.0, 1.0, 1.0, 1.0, 1.0, 1.0, 1.0, 1.0, 1.0, 1.0, 1.0, 1.0, 1.0, 1.0, 1.0, 1.0, 1.0, 1.0, 1.0, 1.0, 1.0, 1.0, 1.0, 1.0, 1.0, 1.0, 1.0, 1.0, 1.0, 1.0, 1.0, 1.0, 1.0, 1.0, 1.0, 1.0, 1.0, 1.0, 1.0, 1.0, 1.0, 1.0, 1.0, 1.0, 1.0, 1.0, 1.0], "auc": 0.9999867209123379}, "precision_recall_curve": {"precision": [0.0017204452090867595, 0.00515735185769919, 0.009421265141318977, 0.014435115628222124, 0.02016875900391027, 0.026790595954073265, 0.034075104311543813, 0.04231433506044905, 0.05185185185185185, 0.06206459784673844, 0.07335329341317365, 0.08680248007085917, 0.10272536687631027, 0.11793020457280386, 0.1355463347164592, 0.14961832061068703, 0.1695501730103806, 0.19140625, 0.21166306695464362, 0.2327790973871734, 0.2558746736292428, 0.2808022922636103, 0.30914826498422715, 0.3277591973244147, 0.35251798561151076, 0.3783783783783784, 0.4152542372881356, 0.43171806167400884, 0.45794392523364486, 0.47804878048780486, 0.5, 0.5157894736842106, 0.5297297297297298, 0.5355191256830601, 0.5444444444444444, 0.5697674418604651, 0.5798816568047337, 0.593939393939394, 0.6049382716049383, 0.6086956521739131, 0.6125, 0.6163522012578616, 0.6282051282051282, 0.6405228758169934, 0.6666666666666666, 0.6712328767123288, 0.6805555555555556, 0.6901408450704225, 0.6950354609929078, 0.7, 0.7050359712230215, 0.7205882352941176, 0.7368421052631579, 0.7424242424242424, 0.7538461538461538, 0.7596899224806202, 0.7716535433070866, 0.7777777777777778, 0.784, 0.7903225806451613, 0.8032786885245902, 0.8099173553719008, 0.8376068376068376, 0.8448275862068966, 0.8521739130434782, 0.8596491228070176, 0.8584070796460177, 0.8660714285714286, 0.8818181818181818, 0.8899082568807339, 0.8981481481481481, 0.9065420560747663, 0.9238095238095239, 0.9326923076923077, 0.941747572815534, 0.9509803921568627, 0.9504950495049505, 0.95, 0.9494949494949495, 0.9484536082474226, 0.9583333333333334, 0.9574468085106383, 0.9767441860465116, 1.0, 1.0], "recall": [1.0, 1.0, 1.0, 1.0, 1.0, 1.0, 1.0, 1.0, 1.0, 1.0, 1.0, 1.0, 1.0, 1.0, 1.0, 1.0, 1.0, 1.0, 1.0, 1.0, 1.0, 1.0, 1.0, 1.0, 1.0, 1.0, 1.0, 1.0, 1.0, 1.0, 1.0, 1.0, 1.0, 1.0, 1.0, 1.0, 1.0, 1.0, 1.0, 1.0, 1.0, 1.0, 1.0, 1.0, 1.0, 1.0, 1.0, 1.0, 1.0, 1.0, 1.0, 1.0, 1.0, 1.0, 1.0, 1.0, 1.0, 1.0, 1.0, 1.0, 1.0, 1.0, 1.0, 1.0, 1.0, 1.0, 0.9897959183673469, 0.9897959183673469, 0.9897959183673469, 0.9897959183673469, 0.9897959183673469, 0.9897959183673469, 0.9897959183673469, 0.9897959183673469, 0.9897959183673469, 0.9897959183673469, 0.9795918367346939, 0.9693877551020408, 0.9591836734693877, 0.9387755102040817, 0.9387755102040817, 0.9183673469387755, 0.8571428571428571, 0.7857142857142857, 0.0]}}